Date,Name,Year,Letterboxd URI
2018-12-16,Never-Ending Man: Hayao Miyazaki,2016,https://letterboxd.com/film/never-ending-man-hayao-miyazaki/
2018-12-16,Target,2018,https://letterboxd.com/film/target-2018/
2018-12-16,Robin Hood,2018,https://letterboxd.com/film/robin-hood-2018/
2018-12-16,The Endless,2017,https://letterboxd.com/film/the-endless/
2018-12-16,Secret Sunshine,2007,https://letterboxd.com/film/secret-sunshine/
2018-12-17,The Raid,2011,https://letterboxd.com/film/the-raid-2011/
2018-12-17,The Raid 2,2014,https://letterboxd.com/film/the-raid-2/
2018-12-18,May the Devil Take You,2018,https://letterboxd.com/film/may-the-devil-take-you/
2018-12-18,Beyond the Black Rainbow,2010,https://letterboxd.com/film/beyond-the-black-rainbow/
2018-12-18,Fantastic Beasts: The Crimes of Grindelwald,2018,https://letterboxd.com/film/fantastic-beasts-the-crimes-of-grindelwald/
2018-12-18,Seven in Heaven,2018,https://letterboxd.com/film/seven-in-heaven/
2018-12-18,Cam,2018,https://letterboxd.com/film/cam/
2018-12-18,Pet Sematary,1989,https://letterboxd.com/film/pet-sematary/
2018-12-18,Truth or Dare,2017,https://letterboxd.com/film/truth-or-dare-2017/
2018-12-24,The Mule,2018,https://letterboxd.com/film/the-mule-2018/
2018-12-26,Aquaman,2018,https://letterboxd.com/film/aquaman-2018/
2018-12-26,Frances Ha,2012,https://letterboxd.com/film/frances-ha/
2018-12-26,Mortal Engines,2018,https://letterboxd.com/film/mortal-engines/
2018-12-30,Bird Box,2018,https://letterboxd.com/film/bird-box/
2018-12-31,Roma,2018,https://letterboxd.com/film/roma-2018/
2019-01-01,Ma' Rosa,2016,https://letterboxd.com/film/ma-rosa/
2019-01-01,Sansho the Bailiff,1954,https://letterboxd.com/film/sansho-the-bailiff/
2019-01-01,In the Mood for Love,2000,https://letterboxd.com/film/in-the-mood-for-love/
2019-01-02,"Night Is Short, Walk on Girl",2017,https://letterboxd.com/film/night-is-short-walk-on-girl/
2019-01-02,Dr. No,1962,https://letterboxd.com/film/dr-no/
2019-01-02,The Equalizer 2,2018,https://letterboxd.com/film/the-equalizer-2/
2019-01-02,Only Yesterday,1991,https://letterboxd.com/film/only-yesterday/
2019-01-02,Incredibles 2,2018,https://letterboxd.com/film/incredibles-2/
2019-01-02,Suspiria,1977,https://letterboxd.com/film/suspiria/
2019-01-02,Hard Boiled,1992,https://letterboxd.com/film/hard-boiled/
2019-01-02,Cabin Fever,2002,https://letterboxd.com/film/cabin-fever/
2019-01-02,Traffik,2018,https://letterboxd.com/film/traffik-2018/
2019-01-02,Murder on the Orient Express,2017,https://letterboxd.com/film/murder-on-the-orient-express-2017/
2019-01-02,Burn After Reading,2008,https://letterboxd.com/film/burn-after-reading/
2019-01-02,The Strangers: Prey at Night,2018,https://letterboxd.com/film/the-strangers-prey-at-night/
2019-01-02,A Wrinkle in Time,2018,https://letterboxd.com/film/a-wrinkle-in-time-2018/
2019-01-02,The Hunger Games: Mockingjay - Part 2,2015,https://letterboxd.com/film/the-hunger-games-mockingjay-part-2/
2019-01-02,The Hunger Games: Mockingjay - Part 1,2014,https://letterboxd.com/film/the-hunger-games-mockingjay-part-1/
2019-01-02,The Hunger Games: Catching Fire,2013,https://letterboxd.com/film/the-hunger-games-catching-fire/
2019-01-02,The Hunger Games,2012,https://letterboxd.com/film/the-hunger-games/
2019-01-02,Moon,2009,https://letterboxd.com/film/moon/
2019-01-02,Creep 2,2017,https://letterboxd.com/film/creep-2/
2019-01-02,The Killing of a Sacred Deer,2017,https://letterboxd.com/film/the-killing-of-a-sacred-deer/
2019-01-02,The Square,2017,https://letterboxd.com/film/the-square-2017/
2019-01-02,Good Time,2017,https://letterboxd.com/film/good-time/
2019-01-02,Ravenous,2017,https://letterboxd.com/film/ravenous-2017/
2019-01-02,Creep,2014,https://letterboxd.com/film/creep-2014/
2019-01-02,The Descent: Part 2,2009,https://letterboxd.com/film/the-descent-part-2/
2019-01-02,1922,2017,https://letterboxd.com/film/1922-2017/
2019-01-02,Gantz:O,2016,https://letterboxd.com/film/gantz-o/
2019-01-02,Mute,2018,https://letterboxd.com/film/mute-2018/
2019-01-02,The Ritual,2017,https://letterboxd.com/film/the-ritual-2017/
2019-01-02,The Cloverfield Paradox,2018,https://letterboxd.com/film/the-cloverfield-paradox/
2019-01-02,Zatoichi's Flashing Sword,1964,https://letterboxd.com/film/zatoichis-flashing-sword/
2019-01-02,The Open House,2018,https://letterboxd.com/film/the-open-house/
2019-01-02,Oculus,2013,https://letterboxd.com/film/oculus/
2019-01-02,30 Days of Night,2007,https://letterboxd.com/film/30-days-of-night/
2019-01-02,Gremlins,1984,https://letterboxd.com/film/gremlins/
2019-01-02,Darkness Rising,2017,https://letterboxd.com/film/darkness-rising/
2019-01-02,Bedeviled,2016,https://letterboxd.com/film/bedeviled/
2019-01-02,The Lazarus Effect,2015,https://letterboxd.com/film/the-lazarus-effect-2015/
2019-01-02,Justice League,2017,https://letterboxd.com/film/justice-league/
2019-01-02,#Horror,2015,https://letterboxd.com/film/horror-2015/
2019-01-02,Jim & Andy: The Great Beyond,2017,https://letterboxd.com/film/jim-andy-the-great-beyond/
2019-01-02,Gerald's Game,2017,https://letterboxd.com/film/geralds-game/
2019-01-02,Silent Hill,2006,https://letterboxd.com/film/silent-hill/
2019-01-02,The Star,2017,https://letterboxd.com/film/the-star-2017/
2019-01-02,Saw 3D,2010,https://letterboxd.com/film/saw-3d/
2019-01-02,Saw VI,2009,https://letterboxd.com/film/saw-vi/
2019-01-02,Saw V,2008,https://letterboxd.com/film/saw-v/
2019-01-02,Saw IV,2007,https://letterboxd.com/film/saw-iv/
2019-01-02,Saw II,2005,https://letterboxd.com/film/saw-ii/
2019-01-02,Saw III,2006,https://letterboxd.com/film/saw-iii/
2019-01-02,The Shining,1980,https://letterboxd.com/film/the-shining/
2019-01-02,Spirited Away,2001,https://letterboxd.com/film/spirited-away/
2019-01-02,Jaws,1975,https://letterboxd.com/film/jaws/
2019-01-02,Videodrome,1983,https://letterboxd.com/film/videodrome/
2019-01-02,Cat People,1982,https://letterboxd.com/film/cat-people-1982/
2019-01-02,A Nightmare on Elm Street Part 2: Freddy's Revenge,1985,https://letterboxd.com/film/a-nightmare-on-elm-street-part-2-freddys-revenge/
2019-01-02,A Nightmare on Elm Street,1984,https://letterboxd.com/film/a-nightmare-on-elm-street/
2019-01-02,Teeth,2007,https://letterboxd.com/film/teeth/
2019-01-02,Cube Zero,2004,https://letterboxd.com/film/cube-zero/
2019-01-02,Cube 2: Hypercube,2002,https://letterboxd.com/film/cube-2-hypercube/
2019-01-02,The Babysitter,2017,https://letterboxd.com/film/the-babysitter-2017/
2019-01-02,Cube,1997,https://letterboxd.com/film/cube/
2019-01-02,A Dark Song,2016,https://letterboxd.com/film/a-dark-song/
2019-01-02,Beyond the Gates,2016,https://letterboxd.com/film/beyond-the-gates/
2019-01-02,Boys in the Trees,2016,https://letterboxd.com/film/boys-in-the-trees/
2019-01-02,Cult of Chucky,2017,https://letterboxd.com/film/cult-of-chucky/
2019-01-02,Catwoman,2004,https://letterboxd.com/film/catwoman/
2019-01-02,XX,2017,https://letterboxd.com/film/xx/
2019-01-02,The Duplex,2015,https://letterboxd.com/film/the-duplex/
2019-01-02,Hush,2016,https://letterboxd.com/film/hush-2016/
2019-01-02,Tik Tok,2016,https://letterboxd.com/film/tik-tok/
2019-01-02,Death Note,2017,https://letterboxd.com/film/death-note-2017/
2019-01-02,KL Zombie,2013,https://letterboxd.com/film/kl-zombie/
2019-01-02,The Dark Tower,2017,https://letterboxd.com/film/the-dark-tower/
2019-01-02,Delicatessen,1991,https://letterboxd.com/film/delicatessen/
2019-01-02,From a House on Willow Street,2016,https://letterboxd.com/film/from-a-house-on-willow-street/
2019-01-02,Kristy,2014,https://letterboxd.com/film/kristy/
2019-01-02,Salt and Fire,2016,https://letterboxd.com/film/salt-and-fire/
2019-01-02,You Get Me,2017,https://letterboxd.com/film/you-get-me/
2019-01-02,Bokeh,2017,https://letterboxd.com/film/bokeh/
2019-01-02,Midnight in Paris,2011,https://letterboxd.com/film/midnight-in-paris/
2019-01-02,Open Grave,2013,https://letterboxd.com/film/open-grave/
2019-01-02,Wonder Woman,2017,https://letterboxd.com/film/wonder-woman-2017/
2019-01-02,Clown,2014,https://letterboxd.com/film/clown/
2019-01-02,The Disappointments Room,2016,https://letterboxd.com/film/the-disappointments-room/
2019-01-02,13 Cameras,2015,https://letterboxd.com/film/13-cameras/
2019-01-02,Alien: Covenant,2017,https://letterboxd.com/film/alien-covenant/
2019-01-02,The Stakelander,2016,https://letterboxd.com/film/the-stakelander/
2019-01-02,So I Married an Axe Murderer,1993,https://letterboxd.com/film/so-i-married-an-axe-murderer/
2019-01-02,King Arthur: Legend of the Sword,2017,https://letterboxd.com/film/king-arthur-legend-of-the-sword/
2019-01-02,Split,2016,https://letterboxd.com/film/split-2016/
2019-01-02,Convergence,2015,https://letterboxd.com/film/convergence-2015/
2019-01-02,Blood Glacier,2013,https://letterboxd.com/film/blood-glacier/
2019-01-02,Uncaged,2016,https://letterboxd.com/film/uncaged-2016/
2019-01-02,Cabin Fever: Patient Zero,2014,https://letterboxd.com/film/cabin-fever-patient-zero/
2019-01-02,From the Dark,2014,https://letterboxd.com/film/from-the-dark/
2019-01-02,Pod,2015,https://letterboxd.com/film/pod/
2019-01-02,White Settlers,2014,https://letterboxd.com/film/white-settlers/
2019-01-02,Hellions,2015,https://letterboxd.com/film/hellions/
2019-01-02,The Stranger,2014,https://letterboxd.com/film/the-stranger-2014/
2019-01-02,III,2015,https://letterboxd.com/film/iii/
2019-01-02,The Wailing,2016,https://letterboxd.com/film/the-wailing/
2019-01-02,Horror Story,2013,https://letterboxd.com/film/horror-story/
2019-01-02,The Girl on the Train,2016,https://letterboxd.com/film/the-girl-on-the-train-2016/
2019-01-02,Passengers,2016,https://letterboxd.com/film/passengers-2016/
2019-01-02,The Windmill Massacre,2016,https://letterboxd.com/film/the-windmill-massacre/
2019-01-02,Incomplete,2017,https://letterboxd.com/film/incomplete-2017/
2019-01-02,Ghost in the Shell,2017,https://letterboxd.com/film/ghost-in-the-shell-2017/
2019-01-02,Abattoir,2016,https://letterboxd.com/film/abattoir/
2019-01-02,The Midnight Meat Train,2008,https://letterboxd.com/film/the-midnight-meat-train/
2019-01-02,The Void,2016,https://letterboxd.com/film/the-void-2016/
2019-01-02,The Keeper of Lost Causes,2013,https://letterboxd.com/film/the-keeper-of-lost-causes/
2019-01-02,The Texas Chainsaw Massacre: The Beginning,2006,https://letterboxd.com/film/the-texas-chainsaw-massacre-the-beginning/
2019-01-02,Turbo Kid,2015,https://letterboxd.com/film/turbo-kid/
2019-01-02,Come and Find Me,2016,https://letterboxd.com/film/film:276273/
2019-01-02,Train to Busan,2016,https://letterboxd.com/film/train-to-busan/
2019-01-02,Kong: Skull Island,2017,https://letterboxd.com/film/kong-skull-island/
2019-01-02,Arrival,2016,https://letterboxd.com/film/arrival-2016/
2019-01-02,Yoga Hosers,2016,https://letterboxd.com/film/yoga-hosers/
2019-01-02,John Wick: Chapter 2,2017,https://letterboxd.com/film/john-wick-chapter-2/
2019-01-02,The Watcher,2016,https://letterboxd.com/film/the-watcher-2016/
2019-01-02,The Perfect Weapon,2016,https://letterboxd.com/film/the-perfect-weapon-2016/
2019-01-02,Get Out,2017,https://letterboxd.com/film/get-out-2017/
2019-01-02,Code of Honor,2016,https://letterboxd.com/film/code-of-honor-2016/
2019-01-02,Moonlight,2016,https://letterboxd.com/film/moonlight-2016/
2019-01-02,Logan,2017,https://letterboxd.com/film/logan-2017/
2019-01-02,Hard Candy,2005,https://letterboxd.com/film/hard-candy/
2019-01-02,iBoy,2017,https://letterboxd.com/film/iboy/
2019-01-02,I Don't Feel at Home in This World Anymore,2017,https://letterboxd.com/film/i-dont-feel-at-home-in-this-world-anymore/
2019-01-02,Kill Command,2016,https://letterboxd.com/film/kill-command/
2019-01-02,Spectral,2016,https://letterboxd.com/film/spectral/
2019-01-02,London Has Fallen,2016,https://letterboxd.com/film/london-has-fallen/
2019-01-02,Pitch Perfect 2,2015,https://letterboxd.com/film/pitch-perfect-2/
2019-01-02,Pitch Perfect,2012,https://letterboxd.com/film/pitch-perfect/
2019-01-02,Fantastic Beasts and Where to Find Them,2016,https://letterboxd.com/film/fantastic-beasts-and-where-to-find-them/
2019-01-02,Scrooged,1988,https://letterboxd.com/film/scrooged/
2019-01-02,The Darkness,2016,https://letterboxd.com/film/the-darkness-2016/
2019-01-02,Don't Breathe,2016,https://letterboxd.com/film/dont-breathe-2016/
2019-01-02,Kingsglaive: Final Fantasy XV,2016,https://letterboxd.com/film/kingsglaive-final-fantasy-xv/
2019-01-02,What About Bob?,1991,https://letterboxd.com/film/what-about-bob/
2019-01-02,Green Room,2015,https://letterboxd.com/film/green-room/
2019-01-02,Embers,2015,https://letterboxd.com/film/embers-2015/
2019-01-02,Judge Dredd,1995,https://letterboxd.com/film/judge-dredd/
2019-01-02,Father's Day,2011,https://letterboxd.com/film/fathers-day-2011/
2019-01-02,Antichrist,2009,https://letterboxd.com/film/antichrist/
2019-01-02,Lights Out,2016,https://letterboxd.com/film/lights-out-2016/
2019-01-02,Sacrifice,2016,https://letterboxd.com/film/film:328993/
2019-01-02,ARQ,2016,https://letterboxd.com/film/arq/
2019-01-02,The Finest Hours,2016,https://letterboxd.com/film/the-finest-hours-2016/
2019-01-02,Synchronicity,2015,https://letterboxd.com/film/synchronicity-2015/
2019-01-02,Rage,2014,https://letterboxd.com/film/rage-2014/
2019-01-02,Out of the Dark,2014,https://letterboxd.com/film/out-of-the-dark-2014/
2019-01-02,Escape from L.A.,1996,https://letterboxd.com/film/escape-from-la/
2019-01-02,The Fog,2005,https://letterboxd.com/film/the-fog-2005/
2019-01-02,The Colony,2013,https://letterboxd.com/film/the-colony/
2019-01-02,Cruel & Unusual,2014,https://letterboxd.com/film/cruel-unusual/
2019-01-02,Baskın,2015,https://letterboxd.com/film/baskn-2015/
2019-01-02,The Curse of Sleeping Beauty,2016,https://letterboxd.com/film/the-curse-of-sleeping-beauty/
2019-01-02,Suicide Squad,2016,https://letterboxd.com/film/suicide-squad-2016/
2019-01-02,Jason Bourne,2016,https://letterboxd.com/film/jason-bourne/
2019-01-02,Rebirth,2016,https://letterboxd.com/film/rebirth-2016/
2019-01-02,Ghostbusters,2016,https://letterboxd.com/film/ghostbusters-2016/
2019-01-02,10 Cloverfield Lane,2016,https://letterboxd.com/film/10-cloverfield-lane/
2019-01-02,The Girl in the Photographs,2015,https://letterboxd.com/film/the-girl-in-the-photographs/
2019-01-02,Standoff,2016,https://letterboxd.com/film/standoff-2016/
2019-01-02,Curse of Chucky,2013,https://letterboxd.com/film/curse-of-chucky/
2019-01-02,Rubber,2010,https://letterboxd.com/film/rubber/
2019-01-02,Backtrack,2015,https://letterboxd.com/film/backtrack-2015/
2019-01-02,Listening,2014,https://letterboxd.com/film/listening/
2019-01-02,The Nice Guys,2016,https://letterboxd.com/film/the-nice-guys/
2019-01-02,X-Men: Apocalypse,2016,https://letterboxd.com/film/x-men-apocalypse/
2019-01-02,Ava's Possessions,2015,https://letterboxd.com/film/avas-possessions/
2019-01-02,Riki-Oh: The Story of Ricky,1991,https://letterboxd.com/film/riki-oh-the-story-of-ricky/
2019-01-02,The Invasion,2007,https://letterboxd.com/film/the-invasion/
2019-01-02,Captain America: Civil War,2016,https://letterboxd.com/film/captain-america-civil-war/
2019-01-02,Lake Mungo,2008,https://letterboxd.com/film/lake-mungo/
2019-01-02,Frontier(s),2007,https://letterboxd.com/film/frontiers/
2019-01-02,Penny Dreadful,2006,https://letterboxd.com/film/penny-dreadful/
2019-01-02,Circle,2015,https://letterboxd.com/film/circle-2015/
2019-01-02,A Good Man,2014,https://letterboxd.com/film/a-good-man-2014/
2019-01-02,The Host,2006,https://letterboxd.com/film/the-host/
2019-01-02,The Trigger Effect,1996,https://letterboxd.com/film/the-trigger-effect/
2019-01-02,Absolution,2015,https://letterboxd.com/film/absolution-2015/
2019-01-02,Mystic River,2003,https://letterboxd.com/film/mystic-river/
2019-01-02,Beetlejuice,1988,https://letterboxd.com/film/beetlejuice/
2019-01-02,Mountain Men,2014,https://letterboxd.com/film/mountain-men/
2019-01-02,The Hallow,2015,https://letterboxd.com/film/the-hallow/
2019-01-02,The Royal Tenenbaums,2001,https://letterboxd.com/film/the-royal-tenenbaums/
2019-01-02,Rushmore,1998,https://letterboxd.com/film/rushmore/
2019-01-02,Twelve Monkeys,1995,https://letterboxd.com/film/twelve-monkeys/
2019-01-02,Batman v Superman: Dawn of Justice,2016,https://letterboxd.com/film/batman-v-superman-dawn-of-justice/
2019-01-02,The Witch,2015,https://letterboxd.com/film/the-witch-2015/
2019-01-02,The Twilight Saga: Breaking Dawn - Part 2,2012,https://letterboxd.com/film/the-twilight-saga-breaking-dawn-part-2/
2019-01-02,Pacific Rim,2013,https://letterboxd.com/film/pacific-rim/
2019-01-02,Mad Max: Fury Road,2015,https://letterboxd.com/film/mad-max-fury-road/
2019-01-02,Star Wars: The Force Awakens,2015,https://letterboxd.com/film/star-wars-the-force-awakens/
2019-01-02,Ghostbusters,1984,https://letterboxd.com/film/ghostbusters/
2019-01-02,The Wizard,1989,https://letterboxd.com/film/the-wizard/
2019-01-02,The Invention of Lying,2009,https://letterboxd.com/film/the-invention-of-lying/
2019-01-02,The Visit,2015,https://letterboxd.com/film/the-visit-2015/
2019-01-02,Concussion,2015,https://letterboxd.com/film/concussion-2015/
2019-01-02,Room,2015,https://letterboxd.com/film/room-2015/
2019-01-02,The Lords of Salem,2012,https://letterboxd.com/film/the-lords-of-salem/
2019-01-02,Shaft,2000,https://letterboxd.com/film/shaft-2000/
2019-01-02,The Butterfly Effect 3: Revelations,2009,https://letterboxd.com/film/the-butterfly-effect-3-revelations/
2019-01-02,He Never Died,2015,https://letterboxd.com/film/he-never-died/
2019-01-02,Running Scared,2006,https://letterboxd.com/film/running-scared-2006/
2019-01-02,Theeb‎‎,2014,https://letterboxd.com/film/theeb/
2019-01-02,Taxi,2015,https://letterboxd.com/film/taxi-2015/
2019-01-02,Wild City,2015,https://letterboxd.com/film/wild-city/
2019-01-02,The Suicide Theory,2015,https://letterboxd.com/film/the-suicide-theory/
2019-01-02,Stir of Echoes,1999,https://letterboxd.com/film/stir-of-echoes/
2019-01-02,The Saint,1997,https://letterboxd.com/film/the-saint/
2019-01-02,Deadpool,2016,https://letterboxd.com/film/deadpool/
2019-01-02,Moonrise Kingdom,2012,https://letterboxd.com/film/moonrise-kingdom/
2019-01-02,Headhunters,2011,https://letterboxd.com/film/headhunters/
2019-01-02,Constantine,2005,https://letterboxd.com/film/constantine/
2019-01-02,Jason Goes to Hell: The Final Friday,1993,https://letterboxd.com/film/jason-goes-to-hell-the-final-friday/
2019-01-02,Friday the 13th Part VIII: Jason Takes Manhattan,1989,https://letterboxd.com/film/friday-the-13th-part-viii-jason-takes-manhattan/
2019-01-02,Dark Was the Night,2014,https://letterboxd.com/film/dark-was-the-night/
2019-01-02,Friday the 13th Part VII: The New Blood,1988,https://letterboxd.com/film/friday-the-13th-part-vii-the-new-blood/
2019-01-02,Friday the 13th Part VI: Jason Lives,1986,https://letterboxd.com/film/friday-the-13th-part-vi-jason-lives/
2019-01-02,Friday the 13th: A New Beginning,1985,https://letterboxd.com/film/friday-the-13th-a-new-beginning/
2019-01-02,Friday the 13th: The Final Chapter,1984,https://letterboxd.com/film/friday-the-13th-the-final-chapter/
2019-01-02,The Forgotten,2004,https://letterboxd.com/film/the-forgotten-2004/
2019-01-02,Dark Skies,2013,https://letterboxd.com/film/dark-skies-2013/
2019-01-02,Friday the 13th Part III,1982,https://letterboxd.com/film/friday-the-13th-part-iii/
2019-01-02,Friday the 13th Part 2,1981,https://letterboxd.com/film/friday-the-13th-part-2/
2019-01-02,Friday the 13th,1980,https://letterboxd.com/film/friday-the-13th/
2019-01-02,The Woodsman and the Rain,2011,https://letterboxd.com/film/the-woodsman-and-the-rain/
2019-01-02,The Loft,2014,https://letterboxd.com/film/the-loft/
2019-01-02,Byzantium,2012,https://letterboxd.com/film/byzantium/
2019-01-02,Infini,2015,https://letterboxd.com/film/infini/
2019-01-02,Patch Town,2014,https://letterboxd.com/film/patch-town/
2019-01-02,Rhymes for Young Ghouls,2013,https://letterboxd.com/film/rhymes-for-young-ghouls/
2019-01-02,The Frozen Ground,2013,https://letterboxd.com/film/the-frozen-ground/
2019-01-02,Rabbit and Lizard,2009,https://letterboxd.com/film/rabbit-and-lizard/
2019-01-02,Fuku-chan of FukuFuku Flats,2014,https://letterboxd.com/film/fuku-chan-of-fukufuku-flats/
2019-01-02,100 Yen Love,2014,https://letterboxd.com/film/100-yen-love/
2019-01-02,Waterworld,1995,https://letterboxd.com/film/waterworld/
2019-01-02,The Angriest Man in Brooklyn,2014,https://letterboxd.com/film/the-angriest-man-in-brooklyn/
2019-01-02,Failan,2001,https://letterboxd.com/film/failan/
2019-01-02,Echo of Silence,2008,https://letterboxd.com/film/echo-of-silence/
2019-01-02,LFO,2013,https://letterboxd.com/film/lfo/
2019-01-02,Young Ones,2014,https://letterboxd.com/film/young-ones/
2019-01-02,The Barber,2015,https://letterboxd.com/film/the-barber-2015/
2019-01-02,Attack the Gas Station 2,2010,https://letterboxd.com/film/attack-the-gas-station-2/
2019-01-02,Perfect Stranger,2007,https://letterboxd.com/film/perfect-stranger/
2019-01-02,Mission Impossible: Samurai,2014,https://letterboxd.com/film/mission-impossible-samurai/
2019-01-02,Attack the Gas Station!,1999,https://letterboxd.com/film/attack-the-gas-station/
2019-01-02,The Suspect,2013,https://letterboxd.com/film/the-suspect-2013-1/
2019-01-02,Han Gong-ju,2013,https://letterboxd.com/film/han-gong-ju/
2019-01-02,A Hard Day,2014,https://letterboxd.com/film/a-hard-day/
2019-01-02,After,2012,https://letterboxd.com/film/after-2012/
2019-01-02,Cinema Verite,2011,https://letterboxd.com/film/cinema-verite/
2019-01-02,The Bit Player,2013,https://letterboxd.com/film/the-bit-player/
2019-01-02,Bon Lin,2014,https://letterboxd.com/film/bon-lin/
2019-01-02,Atonement,2007,https://letterboxd.com/film/atonement/
2019-01-02,Instant Swamp,2009,https://letterboxd.com/film/instant-swamp/
2019-01-02,A Trip to the Moon,1902,https://letterboxd.com/film/a-trip-to-the-moon/
2019-01-02,Hitman,2007,https://letterboxd.com/film/hitman/
2019-01-02,It Follows,2014,https://letterboxd.com/film/it-follows/
2019-01-02,Ex Machina,2014,https://letterboxd.com/film/ex-machina-2014/
2019-01-02,Jumanji,1995,https://letterboxd.com/film/jumanji/
2019-01-02,The Cobbler,2014,https://letterboxd.com/film/the-cobbler-2014/
2019-01-02,Nightcrawler,2014,https://letterboxd.com/film/nightcrawler/
2019-01-02,Life of Crime,2013,https://letterboxd.com/film/life-of-crime/
2019-01-02,Willow,1988,https://letterboxd.com/film/willow/
2019-01-02,Woochi: The Demon Slayer,2009,https://letterboxd.com/film/woochi-the-demon-slayer/
2019-01-02,Symbol,2009,https://letterboxd.com/film/symbol/
2019-01-02,The Way of the Dragon,1972,https://letterboxd.com/film/the-way-of-the-dragon/
2019-01-02,Galaxy Quest,1999,https://letterboxd.com/film/galaxy-quest/
2019-01-02,The Prince,2014,https://letterboxd.com/film/the-prince/
2019-01-02,Commando,1985,https://letterboxd.com/film/commando/
2019-01-02,Red Lights,2012,https://letterboxd.com/film/red-lights-2012/
2019-01-02,Left Behind,2014,https://letterboxd.com/film/left-behind-2014/
2019-01-02,No Tears for the Dead,2014,https://letterboxd.com/film/no-tears-for-the-dead/
2019-01-02,The Village,2004,https://letterboxd.com/film/the-village/
2019-01-02,Cop Land,1997,https://letterboxd.com/film/cop-land/
2019-01-02,Residue,2015,https://letterboxd.com/film/residue/
2019-01-02,Mad Max Beyond Thunderdome,1985,https://letterboxd.com/film/mad-max-beyond-thunderdome/
2019-01-02,Mad Max 2,1981,https://letterboxd.com/film/mad-max-2/
2019-01-02,Super Mario Bros.,1993,https://letterboxd.com/film/super-mario-bros/
2019-01-02,Mortal Kombat: Annihilation,1997,https://letterboxd.com/film/mortal-kombat-annihilation/
2019-01-02,Mortal Kombat,1995,https://letterboxd.com/film/mortal-kombat/
2019-01-02,Leprechaun 3,1995,https://letterboxd.com/film/leprechaun-3/
2019-01-02,Wicked City,1987,https://letterboxd.com/film/wicked-city/
2019-01-02,The Zero Theorem,2013,https://letterboxd.com/film/the-zero-theorem/
2019-01-02,Leprechaun 2,1994,https://letterboxd.com/film/leprechaun-2/
2019-01-02,X-Men: Days of Future Past,2014,https://letterboxd.com/film/x-men-days-of-future-past/
2019-01-02,Leprechaun,1993,https://letterboxd.com/film/leprechaun/
2019-01-02,Interstellar,2014,https://letterboxd.com/film/interstellar/
2019-01-02,Star Trek: The Motion Picture,1979,https://letterboxd.com/film/star-trek-the-motion-picture/
2019-01-02,Room 237,2012,https://letterboxd.com/film/room-237/
2019-01-02,Perfume: The Story of a Murderer,2006,https://letterboxd.com/film/perfume-the-story-of-a-murderer/
2019-01-02,Labyrinth,1986,https://letterboxd.com/film/labyrinth/
2019-01-02,K-PAX,2001,https://letterboxd.com/film/k-pax/
2019-01-02,Tricked: The Documentary,2013,https://letterboxd.com/film/tricked-the-documentary/
2019-01-02,The Crippled Masters,1979,https://letterboxd.com/film/the-crippled-masters/
2019-01-02,Parallels,2015,https://letterboxd.com/film/parallels/
2019-01-02,The Rover,2014,https://letterboxd.com/film/the-rover/
2019-01-02,Everly,2014,https://letterboxd.com/film/everly/
2019-01-02,Joe,2013,https://letterboxd.com/film/joe-2013/
2019-01-02,Horns,2013,https://letterboxd.com/film/horns/
2019-01-02,Annabelle,2014,https://letterboxd.com/film/annabelle/
2019-01-02,Blade Runner,1982,https://letterboxd.com/film/blade-runner/
2019-01-02,The Dark Valley,2014,https://letterboxd.com/film/the-dark-valley/
2019-01-02,Stonehearst Asylum,2014,https://letterboxd.com/film/stonehearst-asylum/
2019-01-02,Repentance,2014,https://letterboxd.com/film/repentance-2014/
2019-01-02,The Ice Harvest,2005,https://letterboxd.com/film/the-ice-harvest/
2019-01-02,Lucy,2014,https://letterboxd.com/film/lucy-2014/
2019-01-02,The Bag Man,2014,https://letterboxd.com/film/the-bag-man/
2019-01-02,Mine Games,2012,https://letterboxd.com/film/mine-games/
2019-01-02,Identity,2003,https://letterboxd.com/film/identity/
2019-01-02,John Wick,2014,https://letterboxd.com/film/john-wick/
2019-01-02,Cyborg,1989,https://letterboxd.com/film/cyborg/
2019-01-02,Frequencies,2013,https://letterboxd.com/film/frequencies/
2019-01-02,The Tale of Zatoichi Continues,1962,https://letterboxd.com/film/the-tale-of-zatoichi-continues/
2019-01-02,The Tale of Zatoichi,1962,https://letterboxd.com/film/the-tale-of-zatoichi/
2019-01-02,The Babadook,2014,https://letterboxd.com/film/the-babadook/
2019-01-02,Dawn of the Planet of the Apes,2014,https://letterboxd.com/film/dawn-of-the-planet-of-the-apes/
2019-01-02,Maleficent,2014,https://letterboxd.com/film/maleficent/
2019-01-02,Blue Ruin,2013,https://letterboxd.com/film/blue-ruin/
2019-01-02,Out of Time,2003,https://letterboxd.com/film/out-of-time/
2019-01-02,The Maze Runner,2014,https://letterboxd.com/film/the-maze-runner/
2019-01-02,The Truman Show,1998,https://letterboxd.com/film/the-truman-show/
2019-01-02,The Equalizer,2014,https://letterboxd.com/film/the-equalizer/
2019-01-02,Killing Them Softly,2012,https://letterboxd.com/film/killing-them-softly/
2019-01-02,Big Trouble in Little China,1986,https://letterboxd.com/film/big-trouble-in-little-china/
2019-01-02,The Legend of Drunken Master,1994,https://letterboxd.com/film/the-legend-of-drunken-master/
2019-01-02,Sabotage,2014,https://letterboxd.com/film/sabotage-2014/
2019-01-02,Bunraku,2010,https://letterboxd.com/film/bunraku/
2019-01-02,Thorne: Scaredycat,2010,https://letterboxd.com/film/thorne-scaredycat/
2019-01-02,3 Days to Kill,2014,https://letterboxd.com/film/3-days-to-kill/
2019-01-02,The 'Burbs,1989,https://letterboxd.com/film/the-burbs/
2019-01-02,The Damned,2013,https://letterboxd.com/film/the-damned-2013-1/
2019-01-02,Dream House,2011,https://letterboxd.com/film/dream-house/
2019-01-02,Thorne: Sleepyhead,2010,https://letterboxd.com/film/thorne-sleepyhead/
2019-01-02,Sushi Girl,2012,https://letterboxd.com/film/sushi-girl/
2019-01-02,Antiviral,2012,https://letterboxd.com/film/antiviral/
2019-01-02,Transcendence,2014,https://letterboxd.com/film/transcendence/
2019-01-02,Radio Free Albemuth,2010,https://letterboxd.com/film/radio-free-albemuth/
2019-01-02,The Taking of Deborah Logan,2014,https://letterboxd.com/film/the-taking-of-deborah-logan/
2019-01-02,The Grand Budapest Hotel,2014,https://letterboxd.com/film/the-grand-budapest-hotel/
2019-01-02,Snowpiercer,2013,https://letterboxd.com/film/snowpiercer/
2019-01-02,Percy Jackson: Sea of Monsters,2013,https://letterboxd.com/film/percy-jackson-sea-of-monsters/
2019-01-02,The Mortal Instruments: City of Bones,2013,https://letterboxd.com/film/the-mortal-instruments-city-of-bones/
2019-01-02,Non-Stop,2014,https://letterboxd.com/film/non-stop-2014/
2019-01-02,"I, Frankenstein",2014,https://letterboxd.com/film/i-frankenstein/
2019-01-02,Coherence,2013,https://letterboxd.com/film/coherence/
2019-01-02,RoboCop,2014,https://letterboxd.com/film/robocop-2014/
2019-01-02,Noah,2014,https://letterboxd.com/film/noah/
2019-01-02,The Woman in Black,2012,https://letterboxd.com/film/the-woman-in-black-2012/
2019-01-02,Edge of Tomorrow,2014,https://letterboxd.com/film/edge-of-tomorrow/
2019-01-02,Divergent,2014,https://letterboxd.com/film/divergent/
2019-01-02,The Town,2010,https://letterboxd.com/film/the-town/
2019-01-02,Saint,2010,https://letterboxd.com/film/saint/
2019-01-02,Vampire Island,2009,https://letterboxd.com/film/vampire-island/
2019-01-02,Rigor Mortis,2013,https://letterboxd.com/film/rigor-mortis/
2019-01-02,Tucker and Dale vs. Evil,2010,https://letterboxd.com/film/tucker-and-dale-vs-evil/
2019-01-02,The Seasoning House,2012,https://letterboxd.com/film/the-seasoning-house/
2019-01-02,The Serpent and the Rainbow,1988,https://letterboxd.com/film/the-serpent-and-the-rainbow/
2019-01-02,Detention,2011,https://letterboxd.com/film/detention-2011/
2019-01-02,Beowulf,2007,https://letterboxd.com/film/beowulf-2007/
2019-01-02,The Ninth Gate,1999,https://letterboxd.com/film/the-ninth-gate/
2019-01-02,Solomon Kane,2009,https://letterboxd.com/film/solomon-kane/
2019-01-02,Bloodsport,1988,https://letterboxd.com/film/bloodsport/
2019-01-02,Hide and Seek,2013,https://letterboxd.com/film/hide-and-seek-2013/
2019-01-02,You're Next,2011,https://letterboxd.com/film/youre-next/
2019-01-02,Mad Max,1979,https://letterboxd.com/film/mad-max/
2019-01-02,Patrick,2013,https://letterboxd.com/film/patrick-2013/
2019-01-02,Pontypool,2008,https://letterboxd.com/film/pontypool/
2019-01-02,13 Sins,2014,https://letterboxd.com/film/13-sins/
2019-01-02,Wicker Park,2004,https://letterboxd.com/film/wicker-park/
2019-01-02,The Outlaw,2010,https://letterboxd.com/film/the-outlaw-2010/
2019-01-02,Valkyrie,2008,https://letterboxd.com/film/valkyrie/
2019-01-02,Olympus Has Fallen,2013,https://letterboxd.com/film/olympus-has-fallen/
2019-01-02,The Adventurer: The Curse of the Midas Box,2013,https://letterboxd.com/film/the-adventurer-the-curse-of-the-midas-box/
2019-01-02,Hell,2011,https://letterboxd.com/film/hell-2011/
2019-01-02,New World,2013,https://letterboxd.com/film/new-world/
2019-01-02,Death Wish,1974,https://letterboxd.com/film/death-wish/
2019-01-02,Red Dawn,2012,https://letterboxd.com/film/red-dawn-2012/
2019-01-02,Breathless,2008,https://letterboxd.com/film/breathless-2008/
2019-01-02,Dead Man Down,2013,https://letterboxd.com/film/dead-man-down/
2019-01-02,The Skeptic,2009,https://letterboxd.com/film/the-skeptic/
2019-01-02,Absentia,2011,https://letterboxd.com/film/absentia/
2019-01-02,Young Detective Dee: Rise of the Sea Dragon,2013,https://letterboxd.com/film/young-detective-dee-rise-of-the-sea-dragon/
2019-01-02,The Hunter,2011,https://letterboxd.com/film/the-hunter-2011/
2019-01-02,Ong Bak 3,2010,https://letterboxd.com/film/ong-bak-3/
2019-01-02,Charlie Countryman,2013,https://letterboxd.com/film/charlie-countryman/
2019-01-02,Odd Thomas,2013,https://letterboxd.com/film/odd-thomas/
2019-01-02,Citadel,2012,https://letterboxd.com/film/citadel/
2019-01-02,Let the Right One In,2008,https://letterboxd.com/film/let-the-right-one-in/
2019-01-02,Bullet to the Head,2012,https://letterboxd.com/film/bullet-to-the-head/
2019-01-02,12 Years a Slave,2013,https://letterboxd.com/film/12-years-a-slave/
2019-01-02,Sin City: A Dame to Kill For,2014,https://letterboxd.com/film/sin-city-a-dame-to-kill-for/
2019-01-02,Moebius,2013,https://letterboxd.com/film/moebius-2013/
2019-01-02,The World's End,2013,https://letterboxd.com/film/the-worlds-end/
2019-01-02,The Place Beyond the Pines,2012,https://letterboxd.com/film/the-place-beyond-the-pines/
2019-01-02,Stoker,2013,https://letterboxd.com/film/stoker/
2019-01-02,Filth,2013,https://letterboxd.com/film/filth/
2019-01-02,The Hobbit: The Desolation of Smaug,2013,https://letterboxd.com/film/the-hobbit-the-desolation-of-smaug/
2019-01-02,The Hobbit: An Unexpected Journey,2012,https://letterboxd.com/film/the-hobbit-an-unexpected-journey/
2019-01-02,The Wolverine,2013,https://letterboxd.com/film/the-wolverine/
2019-01-02,American Hustle,2013,https://letterboxd.com/film/american-hustle/
2019-01-02,Gravity,2013,https://letterboxd.com/film/gravity-2013/
2019-01-02,Thor: The Dark World,2013,https://letterboxd.com/film/thor-the-dark-world/
2019-01-02,47 Ronin,2013,https://letterboxd.com/film/47-ronin-2013/
2019-01-02,Cosmopolis,2012,https://letterboxd.com/film/cosmopolis/
2019-01-02,Hansel & Gretel: Witch Hunters,2013,https://letterboxd.com/film/hansel-gretel-witch-hunters/
2019-01-02,Riddick,2013,https://letterboxd.com/film/riddick/
2019-01-02,The Girl Who Kicked the Hornet's Nest,2009,https://letterboxd.com/film/the-girl-who-kicked-the-hornets-nest/
2019-01-02,The Girl Who Played with Fire,2009,https://letterboxd.com/film/the-girl-who-played-with-fire/
2019-01-02,The Girl with the Dragon Tattoo,2009,https://letterboxd.com/film/the-girl-with-the-dragon-tattoo/
2019-01-02,Full Metal Jacket,1987,https://letterboxd.com/film/full-metal-jacket/
2019-01-02,Bellamy,2009,https://letterboxd.com/film/bellamy/
2019-01-02,Elysium,2013,https://letterboxd.com/film/elysium-2013/
2019-01-02,I Saw the Devil,2010,https://letterboxd.com/film/i-saw-the-devil/
2019-01-02,Psycho,1998,https://letterboxd.com/film/psycho-1998/
2019-01-02,Wild Bill,2011,https://letterboxd.com/film/wild-bill-2011/
2019-01-02,Only God Forgives,2013,https://letterboxd.com/film/only-god-forgives/
2019-01-02,The People Under the Stairs,1991,https://letterboxd.com/film/the-people-under-the-stairs/
2019-01-02,Fargo,1996,https://letterboxd.com/film/fargo/
2019-01-02,Star Trek Into Darkness,2013,https://letterboxd.com/film/star-trek-into-darkness/
2019-01-02,World War Z,2013,https://letterboxd.com/film/world-war-z/
2019-01-02,Iron Man 3,2013,https://letterboxd.com/film/iron-man-3/
2019-01-02,The Conjuring,2013,https://letterboxd.com/film/the-conjuring/
2019-01-02,Evil Dead,2013,https://letterboxd.com/film/evil-dead/
2019-01-02,Memories,1995,https://letterboxd.com/film/memories/
2019-01-02,Assault on Wall Street,2013,https://letterboxd.com/film/assault-on-wall-street/
2019-01-02,The Traveler,2010,https://letterboxd.com/film/film:30305/
2019-01-02,Zodiac,2007,https://letterboxd.com/film/zodiac/
2019-01-02,Terra Nova,2008,https://letterboxd.com/film/film:31688/
2019-01-02,Exiled,2006,https://letterboxd.com/film/exiled/
2019-01-02,Vengeance,2009,https://letterboxd.com/film/vengeance/
2019-01-02,Land of the Dead,2005,https://letterboxd.com/film/land-of-the-dead/
2019-01-02,Stake Land,2010,https://letterboxd.com/film/stake-land/
2019-01-02,Dredd,2012,https://letterboxd.com/film/dredd/
2019-01-02,Game of Death,1978,https://letterboxd.com/film/game-of-death/
2019-01-02,Event Horizon,1997,https://letterboxd.com/film/event-horizon/
2019-01-02,Impostor,2001,https://letterboxd.com/film/impostor/
2019-01-02,House at the End of the Street,2012,https://letterboxd.com/film/house-at-the-end-of-the-street/
2019-01-02,Snow White and the Huntsman,2012,https://letterboxd.com/film/snow-white-and-the-huntsman/
2019-01-02,Primer,2004,https://letterboxd.com/film/primer/
2019-01-02,Hellraiser III: Hell on Earth,1992,https://letterboxd.com/film/hellraiser-iii-hell-on-earth/
2019-01-02,The Scapegoat,2012,https://letterboxd.com/film/the-scapegoat-2012/
2019-01-02,Hellraiser: Revelations,2011,https://letterboxd.com/film/hellraiser-revelations/
2019-01-02,Hellbound: Hellraiser II,1988,https://letterboxd.com/film/hellbound-hellraiser-ii/
2019-01-02,Hellraiser,1987,https://letterboxd.com/film/hellraiser/
2019-01-02,Unknown,2006,https://letterboxd.com/film/unknown-2006/
2019-01-02,The Purge,2013,https://letterboxd.com/film/the-purge/
2019-01-02,The Crow,1994,https://letterboxd.com/film/the-crow/
2019-01-02,Silent Hill: Revelation 3D,2012,https://letterboxd.com/film/silent-hill-revelation-3d/
2019-01-02,The Raven,2012,https://letterboxd.com/film/the-raven-2012/
2019-01-02,Friday the 13th,2009,https://letterboxd.com/film/friday-the-13th-2009/
2019-01-02,Mama,2013,https://letterboxd.com/film/mama-2013/
2019-01-02,The Collection,2012,https://letterboxd.com/film/the-collection/
2019-01-02,Vengeance Can Wait,2010,https://letterboxd.com/film/vengeance-can-wait/
2019-01-02,Battlefield Earth,2000,https://letterboxd.com/film/battlefield-earth/
2019-01-02,Pieta,2012,https://letterboxd.com/film/pieta/
2019-01-02,The Rite,2011,https://letterboxd.com/film/the-rite-2011/
2019-01-02,Attack the Block,2011,https://letterboxd.com/film/attack-the-block/
2019-01-02,Branded,2012,https://letterboxd.com/film/branded/
2019-01-02,In Time,2011,https://letterboxd.com/film/in-time/
2019-01-02,The Divide,2011,https://letterboxd.com/film/the-divide/
2019-01-02,Sinister,2012,https://letterboxd.com/film/sinister/
2019-01-02,Sword Art Online: Extra Edition,2013,https://letterboxd.com/film/sword-art-online-extra-edition/
2019-01-02,Parasite Dolls,2003,https://letterboxd.com/film/parasite-dolls/
2019-01-02,Deep Blue Sea,1999,https://letterboxd.com/film/deep-blue-sea/
2019-01-02,The Descent,2005,https://letterboxd.com/film/the-descent/
2019-01-02,Taken 2,2012,https://letterboxd.com/film/taken-2/
2019-01-02,Django Unchained,2012,https://letterboxd.com/film/django-unchained/
2019-01-02,Meeting Evil,2012,https://letterboxd.com/film/meeting-evil/
2019-01-02,Blood Rain,2005,https://letterboxd.com/film/film:20134/
2019-01-02,Sword of Desperation,2010,https://letterboxd.com/film/sword-of-desperation/
2019-01-02,Silent House,2011,https://letterboxd.com/film/silent-house/
2019-01-02,Dog Eat Dog,2008,https://letterboxd.com/film/dog-eat-dog-2008/
2019-01-02,The Man from Nowhere,2010,https://letterboxd.com/film/the-man-from-nowhere/
2019-01-02,The Bourne Legacy,2012,https://letterboxd.com/film/the-bourne-legacy/
2019-01-02,Looper,2012,https://letterboxd.com/film/looper/
2019-01-02,Total Recall,2012,https://letterboxd.com/film/total-recall-2012/
2019-01-02,Abraham Lincoln: Vampire Hunter,2012,https://letterboxd.com/film/abraham-lincoln-vampire-hunter/
2019-01-02,Lockout,2012,https://letterboxd.com/film/lockout-2012/
2019-01-02,Them,2006,https://letterboxd.com/film/them-2006/
2019-01-02,Brick,2005,https://letterboxd.com/film/brick/
2019-01-02,Get the Gringo,2012,https://letterboxd.com/film/get-the-gringo/
2019-01-02,Detective Dee and the Mystery of the Phantom Flame,2010,https://letterboxd.com/film/detective-dee-and-the-mystery-of-the-phantom-flame/
2019-01-02,The Seventh Seal,1957,https://letterboxd.com/film/the-seventh-seal/
2019-01-07,Mayhem,2017,https://letterboxd.com/film/mayhem-2017/
2019-01-14,Black Mirror: Bandersnatch,2018,https://letterboxd.com/film/black-mirror-bandersnatch/
2019-01-14,The Purge: Election Year,2016,https://letterboxd.com/film/the-purge-election-year/
2019-01-14,Dogtooth,2009,https://letterboxd.com/film/dogtooth/
2019-01-19,Glass,2019,https://letterboxd.com/film/glass-2019/
2019-01-20,A Tale of Two Sisters,2003,https://letterboxd.com/film/a-tale-of-two-sisters/
2019-01-20,You Might Be the Killer,2018,https://letterboxd.com/film/you-might-be-the-killer/
2019-01-28,Revenge,2017,https://letterboxd.com/film/revenge-2017-1/
2019-01-30,The Wizard of Oz,1939,https://letterboxd.com/film/the-wizard-of-oz-1939/
2019-02-08,Serenity,2019,https://letterboxd.com/film/serenity-2019/
2019-02-11,Velvet Buzzsaw,2019,https://letterboxd.com/film/velvet-buzzsaw/
2019-02-17,Alita: Battle Angel,2019,https://letterboxd.com/film/alita-battle-angel/
2019-02-18,The Visitor,1979,https://letterboxd.com/film/the-visitor-1979/
2019-02-18,Personal Shopper,2016,https://letterboxd.com/film/personal-shopper/
2019-02-24,The Commuter,2018,https://letterboxd.com/film/the-commuter/
2019-03-11,Captain Marvel,2019,https://letterboxd.com/film/captain-marvel/
2019-03-18,Captive State,2019,https://letterboxd.com/film/captive-state/
2019-03-24,Us,2019,https://letterboxd.com/film/us-2019/
2019-03-25,Housewife,2017,https://letterboxd.com/film/housewife-2017/
2019-03-25,The Unkindness of Ravens,2016,https://letterboxd.com/film/the-unkindness-of-ravens/
2019-03-26,First Reformed,2017,https://letterboxd.com/film/first-reformed/
2019-03-29,C.H.U.D.,1984,https://letterboxd.com/film/chud/
2019-03-31,The Beach Bum,2019,https://letterboxd.com/film/the-beach-bum/
2019-04-01,The Five Venoms,1978,https://letterboxd.com/film/the-five-venoms/
2019-04-07,Pet Sematary,2019,https://letterboxd.com/film/pet-sematary-2019/
2019-04-08,Le Samouraï,1967,https://letterboxd.com/film/le-samourai/
2019-04-08,Behind the Curve,2018,https://letterboxd.com/film/behind-the-curve/
2019-04-09,Floating Weeds,1959,https://letterboxd.com/film/floating-weeds/
2019-04-11,Pickpocket,1959,https://letterboxd.com/film/pickpocket/
2019-04-14,The Goonies,1985,https://letterboxd.com/film/the-goonies/
2019-04-14,Incendies,2010,https://letterboxd.com/film/incendies/
2019-04-14,Breaking In,2018,https://letterboxd.com/film/breaking-in-2018/
2019-04-15,The Silence,2019,https://letterboxd.com/film/the-silence-2019/
2019-04-22,Hellboy,2019,https://letterboxd.com/film/hellboy-2019/
2019-04-30,Avengers: Infinity War,2018,https://letterboxd.com/film/avengers-infinity-war/
2019-04-30,Knock Knock,2015,https://letterboxd.com/film/knock-knock-2015/
2019-05-06,The Darkest Minds,2018,https://letterboxd.com/film/the-darkest-minds/
2019-05-10,God Knows Where I Am,2016,https://letterboxd.com/film/god-knows-where-i-am/
2019-05-12,Replicas,2018,https://letterboxd.com/film/replicas/
2019-05-13,Society,1989,https://letterboxd.com/film/society/
2019-05-13,The Favourite,2018,https://letterboxd.com/film/the-favourite/
2019-05-13,Shivers,1975,https://letterboxd.com/film/shivers/
2019-05-13,Into the Forest,2015,https://letterboxd.com/film/into-the-forest/
2019-05-15,41,2012,https://letterboxd.com/film/41-2012-2/
2019-05-15,The Disaster Artist,2017,https://letterboxd.com/film/the-disaster-artist/
2019-05-15,Lady Bird,2017,https://letterboxd.com/film/lady-bird/
2019-05-18,John Wick: Chapter 3 - Parabellum,2019,https://letterboxd.com/film/john-wick-chapter-3-parabellum/
2019-05-18,Legion,2010,https://letterboxd.com/film/legion-2010/
2019-05-19,Suspiria,2018,https://letterboxd.com/film/suspiria-2018/
2019-05-20,The Love Witch,2016,https://letterboxd.com/film/the-love-witch/
2019-05-20,Avengers: Endgame,2019,https://letterboxd.com/film/avengers-endgame/
2019-05-20,Death Wish,2018,https://letterboxd.com/film/death-wish-2018/
2019-05-21,Brain Dead,1990,https://letterboxd.com/film/brain-dead/
2019-05-22,Nausicaä of the Valley of the Wind,1984,https://letterboxd.com/film/nausicaa-of-the-valley-of-the-wind/
2019-05-22,Triangle,2009,https://letterboxd.com/film/triangle-2009/
2019-05-25,Ida,2013,https://letterboxd.com/film/ida/
2019-05-27,Cold War,2018,https://letterboxd.com/film/cold-war-2018/
2019-05-27,Most Beautiful Island,2017,https://letterboxd.com/film/most-beautiful-island/
2019-05-27,The Collector,2009,https://letterboxd.com/film/the-collector-2009/
2019-05-27,Double Dragon,1994,https://letterboxd.com/film/double-dragon/
2019-05-28,The Perfection,2018,https://letterboxd.com/film/the-perfection/
2019-06-03,Swiss Army Man,2016,https://letterboxd.com/film/swiss-army-man/
2019-06-04,Svaha: The Sixth Finger,2019,https://letterboxd.com/film/svaha-the-sixth-finger/
2019-06-05,A Glimpse Inside the Mind of Charles Swan III,2012,https://letterboxd.com/film/a-glimpse-inside-the-mind-of-charles-swan-iii/
2019-06-06,Mercy,2016,https://letterboxd.com/film/mercy-2016/
2019-06-09,The Devil We Know,2018,https://letterboxd.com/film/the-devil-we-know/
2019-06-09,The Night Comes for Us,2018,https://letterboxd.com/film/the-night-comes-for-us/
2019-06-10,I Am Mother,2019,https://letterboxd.com/film/i-am-mother/
2019-06-13,Errementari: The Blacksmith and the Devil,2017,https://letterboxd.com/film/errementari-the-blacksmith-and-the-devil/
2019-06-15,Greta,2018,https://letterboxd.com/film/greta-2018/
2019-06-16,Godzilla,1954,https://letterboxd.com/film/godzilla/
2019-06-17,Maria,2019,https://letterboxd.com/film/maria-2019/
2019-06-18,Aurora,2018,https://letterboxd.com/film/aurora-2018/
2019-06-23,Flatliners,1990,https://letterboxd.com/film/flatliners/
2019-06-24,Fahrenheit 451,2018,https://letterboxd.com/film/fahrenheit-451-2018/
2019-06-24,The Most Assassinated Woman in the World,2018,https://letterboxd.com/film/the-most-assassinated-woman-in-the-world/
2019-06-24,Jo Pil-ho: The Dawning Rage,2019,https://letterboxd.com/film/jo-pil-ho-the-dawning-rage/
2019-06-27,The Captive,2014,https://letterboxd.com/film/the-captive-2014/
2019-06-29,Under the Skin,2013,https://letterboxd.com/film/under-the-skin-2013/
2019-07-03,Whisper of the Heart,1995,https://letterboxd.com/film/whisper-of-the-heart/
2019-07-05,Midsommar,2019,https://letterboxd.com/film/midsommar/
2019-07-05,Cart,2014,https://letterboxd.com/film/cart/
2019-07-05,Anima,2019,https://letterboxd.com/film/anima-2019/
2019-07-07,Luck-Key,2016,https://letterboxd.com/film/luck-key/
2019-07-08,Bad Day for the Cut,2017,https://letterboxd.com/film/bad-day-for-the-cut/
2019-07-08,Hagazussa,2017,https://letterboxd.com/film/hagazussa/
2019-07-08,Killer Klowns from Outer Space,1988,https://letterboxd.com/film/killer-klowns-from-outer-space/
2019-07-09,Under the Silver Lake,2018,https://letterboxd.com/film/under-the-silver-lake/
2019-07-09,A Scanner Darkly,2006,https://letterboxd.com/film/a-scanner-darkly/
2019-07-10,Annabelle Comes Home,2019,https://letterboxd.com/film/annabelle-comes-home/
2019-07-11,Kramer vs. Kramer,1979,https://letterboxd.com/film/kramer-vs-kramer/
2019-07-11,Precious,2009,https://letterboxd.com/film/precious/
2019-07-12,The Black Ghiandola,2017,https://letterboxd.com/film/the-black-ghiandola/
2019-07-15,Midnight Cowboy,1969,https://letterboxd.com/film/midnight-cowboy/
2019-07-15,After Midnight: Reflecting on a Classic 35 Years Later,2006,https://letterboxd.com/film/after-midnight-reflecting-on-a-classic-35-years-later/
2019-07-15,Controversy and Acclaim: The Timelessness of a Groundbreaking Film,2006,https://letterboxd.com/film/controversy-and-acclaim-the-timelessness-of-a-groundbreaking-film/
2019-07-15,Waldo Salt: A Screenwriter's Journey,1990,https://letterboxd.com/film/waldo-salt-a-screenwriters-journey/
2019-07-21,Chopping Mall,1986,https://letterboxd.com/film/chopping-mall/
2019-07-21,Final Destination,2000,https://letterboxd.com/film/final-destination/
2019-07-23,Final Destination 2,2003,https://letterboxd.com/film/final-destination-2/
2019-07-23,"Frankenstein's Monster's Monster, Frankenstein",2019,https://letterboxd.com/film/frankensteins-monsters-monster-frankenstein/
2019-07-28,Once Upon a Time... in Hollywood,2019,https://letterboxd.com/film/once-upon-a-time-in-hollywood/
2019-07-30,Kiki's Delivery Service,1989,https://letterboxd.com/film/kikis-delivery-service/
2019-07-31,Crawl,2019,https://letterboxd.com/film/crawl-2019/
2019-08-04,Fast & Furious Presents: Hobbs & Shaw,2019,https://letterboxd.com/film/fast-furious-presents-hobbs-shaw/
2019-08-05,if....,1968,https://letterboxd.com/film/if/
2019-08-09,Scary Stories to Tell in the Dark,2019,https://letterboxd.com/film/scary-stories-to-tell-in-the-dark-2019/
2019-08-11,Thursday's Children,1954,https://letterboxd.com/film/thursdays-children/
2019-08-11,Force Majeure,2014,https://letterboxd.com/film/force-majeure-2014/
2019-08-12,"Salò, or the 120 Days of Sodom",1975,https://letterboxd.com/film/salo-or-the-120-days-of-sodom/
2019-08-12,Salò: Fade to Black,2001,https://letterboxd.com/film/salo-fade-to-black/
2019-08-15,Life of Brian,1979,https://letterboxd.com/film/life-of-brian/
2019-08-15,Strangers on a Train,1951,https://letterboxd.com/film/strangers-on-a-train/
2019-08-16,Let There Be Light,1946,https://letterboxd.com/film/let-there-be-light/
2019-08-16,The Graduate,1967,https://letterboxd.com/film/the-graduate/
2019-08-17,Rain Man,1988,https://letterboxd.com/film/rain-man/
2019-08-17,Cosmos Laundromat,2015,https://letterboxd.com/film/cosmos-laundromat/
2019-08-19,Wings,1927,https://letterboxd.com/film/wings/
2019-08-19,The Broadway Melody,1929,https://letterboxd.com/film/the-broadway-melody/
2019-08-19,In the Heat of the Night,1967,https://letterboxd.com/film/in-the-heat-of-the-night/
2019-08-19,Casablanca,1942,https://letterboxd.com/film/casablanca/
2019-08-19,The Man Who Knew Too Little,1997,https://letterboxd.com/film/the-man-who-knew-too-little/
2019-08-19,eSports: The Celebrity Millionaires of Competitive Gaming,2015,https://letterboxd.com/film/esports-the-celebrity-millionaires-of-competitive-gaming/
2019-08-20,Shoplifters,2018,https://letterboxd.com/film/shoplifters/
2019-08-21,The Bill Murray Stories: Life Lessons Learned from a Mythical Man,2018,https://letterboxd.com/film/the-bill-murray-stories-life-lessons-learned-from-a-mythical-man/
2019-08-22,Ready or Not,2019,https://letterboxd.com/film/ready-or-not-2019/
2019-08-22,The Texas Chainsaw Massacre: A Family Portrait,1988,https://letterboxd.com/film/the-texas-chainsaw-massacre-a-family-portrait/
2019-08-23,Mandy,2018,https://letterboxd.com/film/mandy-2018/
2019-08-24,Hereditary,2018,https://letterboxd.com/film/hereditary/
2019-08-24,Phantom of the Paradise,1974,https://letterboxd.com/film/phantom-of-the-paradise/
2019-08-25,El Gigante,2014,https://letterboxd.com/film/el-gigante/
2019-08-25,Re-Animator,1985,https://letterboxd.com/film/re-animator/
2019-08-26,Burning,2018,https://letterboxd.com/film/burning-2018/
2019-08-26,Horror Noire: A History of Black Horror,2019,https://letterboxd.com/film/horror-noire-a-history-of-black-horror/
2019-08-26,Wretched Lives,2001,https://letterboxd.com/film/wretched-lives/
2019-08-26,Sadako vs. Kayako,2016,https://letterboxd.com/film/sadako-vs-kayako/
2019-08-26,The Trader,2018,https://letterboxd.com/film/the-trader/
2019-08-27,My Neighbor Totoro,1988,https://letterboxd.com/film/my-neighbor-totoro/
2019-08-28,Sacrilège,2017,https://letterboxd.com/film/sacrilege-2017-1/
2019-08-28,La Haine,1995,https://letterboxd.com/film/la-haine/
2019-08-28,My Josephine,2003,https://letterboxd.com/film/my-josephine/
2019-09-01,The Quiet Room,2018,https://letterboxd.com/film/the-quiet-room-2018/
2019-09-02,Angel Has Fallen,2019,https://letterboxd.com/film/angel-has-fallen/
2019-09-02,Lady in the Water,2006,https://letterboxd.com/film/lady-in-the-water/
2019-09-09,The Birth of a Nation,1915,https://letterboxd.com/film/the-birth-of-a-nation/
2019-09-09,Climax,2018,https://letterboxd.com/film/climax-2018/
2019-09-10,Don't Let Go,2019,https://letterboxd.com/film/dont-let-go-2019/
2019-09-13,Platoon,1986,https://letterboxd.com/film/platoon/
2019-09-13,Taxi Driver,1976,https://letterboxd.com/film/taxi-driver/
2019-09-13,The Battle of Midway,1942,https://letterboxd.com/film/the-battle-of-midway/
2019-09-14,BuyBust,2018,https://letterboxd.com/film/buybust/
2019-09-15,Mean Streets,1973,https://letterboxd.com/film/mean-streets/
2019-09-15,Hugo,2011,https://letterboxd.com/film/hugo/
2019-09-15,Brutal Tales of Chivalry,1965,https://letterboxd.com/film/brutal-tales-of-chivalry/
2019-09-16,Who's That Knocking at My Door,1967,https://letterboxd.com/film/whos-that-knocking-at-my-door/
2019-09-16,The Yellow Handkerchief,1977,https://letterboxd.com/film/the-yellow-handkerchief-1977/
2019-09-17,Battle at Big Rock,2019,https://letterboxd.com/film/battle-at-big-rock/
2019-09-17,Enemy,2013,https://letterboxd.com/film/enemy/
2019-09-19,In Between Mountains And Oceans,2014,https://letterboxd.com/film/in-between-mountains-and-oceans/
2019-09-19,We Summoned A Demon,2017,https://letterboxd.com/film/we-summoned-a-demon/
2019-09-20,Walrus Yes: The Making of Tusk,2019,https://letterboxd.com/film/walrus-yes-the-making-of-tusk/
2019-09-21,The Super,2017,https://letterboxd.com/film/the-super-2017/
2019-09-21,The Bye Bye Man,2017,https://letterboxd.com/film/the-bye-bye-man/
2019-09-22,Scorpio,1973,https://letterboxd.com/film/scorpio/
2019-09-23,Hustlers,2019,https://letterboxd.com/film/hustlers-2019/
2019-09-23,Ma,2019,https://letterboxd.com/film/ma-2019/
2019-09-24,Rambo: Last Blood,2019,https://letterboxd.com/film/rambo-last-blood/
2019-09-24,In Order of Disappearance,2014,https://letterboxd.com/film/in-order-of-disappearance/
2019-09-25,Ad Astra,2019,https://letterboxd.com/film/ad-astra-2019/
2019-09-25,Poseidon,2006,https://letterboxd.com/film/poseidon/
2019-09-27,One Cut of the Dead,2017,https://letterboxd.com/film/one-cut-of-the-dead/
2019-09-28,Tigers Are Not Afraid,2017,https://letterboxd.com/film/tigers-are-not-afraid/
2019-09-29,Cold Skin,2017,https://letterboxd.com/film/cold-skin/
2019-09-29,Cimarron,1931,https://letterboxd.com/film/cimarron/
2019-09-30,It Chapter Two,2019,https://letterboxd.com/film/it-chapter-two/
2019-09-30,The Apartment,1960,https://letterboxd.com/film/the-apartment/
2019-10-01,The Secret World of Arrietty,2010,https://letterboxd.com/film/the-secret-world-of-arrietty/
2019-10-03,Love on Delivery,1994,https://letterboxd.com/film/love-on-delivery/
2019-10-04,Joker,2019,https://letterboxd.com/film/joker-2019/
2019-10-05,Millennium Actress,2001,https://letterboxd.com/film/millennium-actress/
2019-10-06,Good Morning,2008,https://letterboxd.com/film/good-morning-2008/
2019-10-06,Inferno,2010,https://letterboxd.com/film/inferno-2010-1/
2019-10-06,Dolores Claiborne,1995,https://letterboxd.com/film/dolores-claiborne/
2019-10-07,Riding the Bullet,2004,https://letterboxd.com/film/riding-the-bullet/
2019-10-07,In the Shadow of the Moon,2019,https://letterboxd.com/film/in-the-shadow-of-the-moon-2019/
2019-10-07,In the Tall Grass,2019,https://letterboxd.com/film/in-the-tall-grass-2019/
2019-10-07,Road House,1989,https://letterboxd.com/film/road-house/
2019-10-12,Freaks,1932,https://letterboxd.com/film/freaks/
2019-10-12,Multiple Maniacs,1970,https://letterboxd.com/film/multiple-maniacs/
2019-10-12,Möbius,2016,https://letterboxd.com/film/mobius-2016/
2019-10-12,In Search of the Miraculous,2015,https://letterboxd.com/film/in-search-of-the-miraculous-2015/
2019-10-13,El Camino: A Breaking Bad Movie,2019,https://letterboxd.com/film/el-camino-a-breaking-bad-movie/
2019-10-13,High Life,2018,https://letterboxd.com/film/high-life-2018/
2019-10-13,Begone Dull Care,1949,https://letterboxd.com/film/begone-dull-care/
2019-10-14,M,1931,https://letterboxd.com/film/m/
2019-10-14,Conversation with Fritz Lang,1975,https://letterboxd.com/film/conversation-with-fritz-lang/
2019-10-14,Patton,1970,https://letterboxd.com/film/patton/
2019-10-14,The Godfather,1972,https://letterboxd.com/film/the-godfather/
2019-10-14,The Godfather: Part II,1974,https://letterboxd.com/film/the-godfather-part-ii/
2019-10-14,One Flew Over the Cuckoo's Nest,1975,https://letterboxd.com/film/one-flew-over-the-cuckoos-nest/
2019-10-14,Rocky,1976,https://letterboxd.com/film/rocky/
2019-10-14,The Deer Hunter,1978,https://letterboxd.com/film/the-deer-hunter/
2019-10-14,Amadeus,1984,https://letterboxd.com/film/amadeus/
2019-10-14,Driving Miss Daisy,1989,https://letterboxd.com/film/driving-miss-daisy/
2019-10-14,Dances with Wolves,1990,https://letterboxd.com/film/dances-with-wolves/
2019-10-14,The Silence of the Lambs,1991,https://letterboxd.com/film/the-silence-of-the-lambs/
2019-10-14,Titanic,1997,https://letterboxd.com/film/titanic-1997/
2019-10-14,American Beauty,1999,https://letterboxd.com/film/american-beauty/
2019-10-14,Gladiator,2000,https://letterboxd.com/film/gladiator-2000/
2019-10-14,A Beautiful Mind,2001,https://letterboxd.com/film/a-beautiful-mind/
2019-10-14,The Lord of the Rings: The Return of the King,2003,https://letterboxd.com/film/the-lord-of-the-rings-the-return-of-the-king/
2019-10-14,The Lord of the Rings: The Fellowship of the Ring,2001,https://letterboxd.com/film/the-lord-of-the-rings-the-fellowship-of-the-ring/
2019-10-14,The Lord of the Rings: The Two Towers,2002,https://letterboxd.com/film/the-lord-of-the-rings-the-two-towers/
2019-10-14,The Hurt Locker,2008,https://letterboxd.com/film/the-hurt-locker/
2019-10-14,Quills,2000,https://letterboxd.com/film/quills/
2019-10-14,Great Expectations,1998,https://letterboxd.com/film/great-expectations-1998/
2019-10-14,Frankenstein,1994,https://letterboxd.com/film/frankenstein-1994/
2019-10-14,Hide and Seek,2005,https://letterboxd.com/film/hide-and-seek/
2019-10-14,Wag the Dog,1997,https://letterboxd.com/film/wag-the-dog/
2019-10-14,Backdraft,1991,https://letterboxd.com/film/backdraft/
2019-10-14,The Score,2001,https://letterboxd.com/film/the-score/
2019-10-14,Men of Honor,2000,https://letterboxd.com/film/men-of-honor/
2019-10-14,Ellis,2015,https://letterboxd.com/film/ellis/
2019-10-14,Twilight,2008,https://letterboxd.com/film/twilight-2008/
2019-10-14,Panic Room,2002,https://letterboxd.com/film/panic-room/
2019-10-14,The Twilight Saga: New Moon,2009,https://letterboxd.com/film/the-twilight-saga-new-moon/
2019-10-14,The Twilight Saga: Eclipse,2010,https://letterboxd.com/film/the-twilight-saga-eclipse/
2019-10-14,The Twilight Saga: Breaking Dawn - Part 1,2011,https://letterboxd.com/film/the-twilight-saga-breaking-dawn-part-1/
2019-10-14,Clouds of Sils Maria,2014,https://letterboxd.com/film/clouds-of-sils-maria/
2019-10-14,Jumper,2008,https://letterboxd.com/film/jumper/
2019-10-14,Ghosts of Mars,2001,https://letterboxd.com/film/ghosts-of-mars/
2019-10-15,Hanzo the Razor: Sword of Justice,1972,https://letterboxd.com/film/hanzo-the-razor-sword-of-justice/
2019-10-15,Hanzo the Razor: The Snare,1973,https://letterboxd.com/film/hanzo-the-razor-the-snare/
2019-10-15,Hanzo the Razor: Who's Got the Gold?,1974,https://letterboxd.com/film/hanzo-the-razor-whos-got-the-gold/
2019-10-15,The Stranger,1946,https://letterboxd.com/film/the-stranger/
2019-10-15,Citizen Kane,1941,https://letterboxd.com/film/citizen-kane/
2019-10-15,The Trial,1962,https://letterboxd.com/film/the-trial/
2019-10-15,Roundhay Garden Scene,1888,https://letterboxd.com/film/roundhay-garden-scene/
2019-10-15,Traffic Crossing Leeds Bridge,1888,https://letterboxd.com/film/traffic-crossing-leeds-bridge/
2019-10-15,Pulp Fiction,1994,https://letterboxd.com/film/pulp-fiction/
2019-10-15,Inglourious Basterds,2009,https://letterboxd.com/film/inglourious-basterds/
2019-10-15,Kill Bill: Vol. 1,2003,https://letterboxd.com/film/kill-bill-vol-1/
2019-10-15,The Hateful Eight,2015,https://letterboxd.com/film/the-hateful-eight/
2019-10-15,Reservoir Dogs,1992,https://letterboxd.com/film/reservoir-dogs/
2019-10-15,Kill Bill: Vol. 2,2004,https://letterboxd.com/film/kill-bill-vol-2/
2019-10-15,Death Proof,2007,https://letterboxd.com/film/death-proof/
2019-10-15,Training Day,2001,https://letterboxd.com/film/training-day/
2019-10-15,American Gangster,2007,https://letterboxd.com/film/american-gangster/
2019-10-15,The Book of Eli,2010,https://letterboxd.com/film/the-book-of-eli/
2019-10-15,Man on Fire,2004,https://letterboxd.com/film/man-on-fire-2004/
2019-10-15,The Taking of Pelham 1 2 3,2009,https://letterboxd.com/film/the-taking-of-pelham-1-2-3/
2019-10-15,Glory,1989,https://letterboxd.com/film/glory/
2019-10-15,The Bone Collector,1999,https://letterboxd.com/film/the-bone-collector/
2019-10-15,Crimson Tide,1995,https://letterboxd.com/film/crimson-tide/
2019-10-15,The Pelican Brief,1993,https://letterboxd.com/film/the-pelican-brief/
2019-10-15,Fallen,1998,https://letterboxd.com/film/fallen-1998/
2019-10-15,Eyes Wide Shut,1999,https://letterboxd.com/film/eyes-wide-shut/
2019-10-15,Minority Report,2002,https://letterboxd.com/film/minority-report/
2019-10-15,Collateral,2004,https://letterboxd.com/film/collateral/
2019-10-15,Top Gun,1986,https://letterboxd.com/film/top-gun/
2019-10-15,Interview with the Vampire,1994,https://letterboxd.com/film/interview-with-the-vampire/
2019-10-15,The Last Samurai,2003,https://letterboxd.com/film/the-last-samurai/
2019-10-15,Vanilla Sky,2001,https://letterboxd.com/film/vanilla-sky/
2019-10-15,A Few Good Men,1992,https://letterboxd.com/film/a-few-good-men/
2019-10-15,Risky Business,1983,https://letterboxd.com/film/risky-business/
2019-10-15,Legend,1985,https://letterboxd.com/film/legend/
2019-10-15,Days of Thunder,1990,https://letterboxd.com/film/days-of-thunder/
2019-10-15,Cocktail,1988,https://letterboxd.com/film/cocktail/
2019-10-15,Terminator 2: Judgment Day,1991,https://letterboxd.com/film/terminator-2-judgment-day/
2019-10-15,The Terminator,1984,https://letterboxd.com/film/the-terminator/
2019-10-15,Predator,1987,https://letterboxd.com/film/predator/
2019-10-15,Total Recall,1990,https://letterboxd.com/film/total-recall/
2019-10-15,Terminator 3: Rise of the Machines,2003,https://letterboxd.com/film/terminator-3-rise-of-the-machines/
2019-10-15,True Lies,1994,https://letterboxd.com/film/true-lies/
2019-10-15,The Running Man,1987,https://letterboxd.com/film/the-running-man/
2019-10-15,Conan the Barbarian,1982,https://letterboxd.com/film/conan-the-barbarian/
2019-10-15,Kindergarten Cop,1990,https://letterboxd.com/film/kindergarten-cop/
2019-10-15,The 6th Day,2000,https://letterboxd.com/film/the-6th-day/
2019-10-15,Eraser,1996,https://letterboxd.com/film/eraser/
2019-10-15,End of Days,1999,https://letterboxd.com/film/end-of-days/
2019-10-15,Conan the Destroyer,1984,https://letterboxd.com/film/conan-the-destroyer/
2019-10-15,Collateral Damage,2002,https://letterboxd.com/film/collateral-damage/
2019-10-15,Star Wars,1977,https://letterboxd.com/film/star-wars/
2019-10-15,The Empire Strikes Back,1980,https://letterboxd.com/film/the-empire-strikes-back/
2019-10-15,Return of the Jedi,1983,https://letterboxd.com/film/return-of-the-jedi/
2019-10-15,Raiders of the Lost Ark,1981,https://letterboxd.com/film/raiders-of-the-lost-ark/
2019-10-15,Indiana Jones and the Last Crusade,1989,https://letterboxd.com/film/indiana-jones-and-the-last-crusade/
2019-10-15,Indiana Jones and the Temple of Doom,1984,https://letterboxd.com/film/indiana-jones-and-the-temple-of-doom/
2019-10-15,Indiana Jones and the Kingdom of the Crystal Skull,2008,https://letterboxd.com/film/indiana-jones-and-the-kingdom-of-the-crystal-skull/
2019-10-15,The Fugitive,1993,https://letterboxd.com/film/the-fugitive-1993/
2019-10-15,Ender's Game,2013,https://letterboxd.com/film/enders-game/
2019-10-15,Air Force One,1997,https://letterboxd.com/film/air-force-one/
2019-10-15,Brüno,2009,https://letterboxd.com/film/bruno/
2019-10-15,Patriot Games,1992,https://letterboxd.com/film/patriot-games/
2019-10-15,Six Days Seven Nights,1998,https://letterboxd.com/film/six-days-seven-nights/
2019-10-15,Ice Age,2002,https://letterboxd.com/film/ice-age/
2019-10-15,Romeo + Juliet,1996,https://letterboxd.com/film/romeo-juliet-1996/
2019-10-15,The Lincoln Lawyer,2011,https://letterboxd.com/film/the-lincoln-lawyer/
2019-10-15,Spawn,1997,https://letterboxd.com/film/spawn/
2019-10-15,Shrek,2001,https://letterboxd.com/film/shrek/
2019-10-15,Footloose,1984,https://letterboxd.com/film/footloose/
2019-10-15,Cliffhanger,1993,https://letterboxd.com/film/cliffhanger/
2019-10-15,Over the Top,1987,https://letterboxd.com/film/over-the-top/
2019-10-16,Schindler's List,1993,https://letterboxd.com/film/schindlers-list/
2019-10-16,Psycho,1960,https://letterboxd.com/film/psycho/
2019-10-16,2001: A Space Odyssey,1968,https://letterboxd.com/film/2001-a-space-odyssey/
2019-10-16,It's a Wonderful Life,1946,https://letterboxd.com/film/its-a-wonderful-life/
2019-10-16,The Grapes of Wrath,1940,https://letterboxd.com/film/the-grapes-of-wrath/
2019-10-16,E.T. the Extra-Terrestrial,1982,https://letterboxd.com/film/et-the-extra-terrestrial/
2019-10-16,To Kill a Mockingbird,1962,https://letterboxd.com/film/to-kill-a-mockingbird/
2019-10-16,Double Indemnity,1944,https://letterboxd.com/film/double-indemnity/
2019-10-16,The Maltese Falcon,1941,https://letterboxd.com/film/the-maltese-falcon-1941/
2019-10-16,Snow White and the Seven Dwarfs,1937,https://letterboxd.com/film/snow-white-and-the-seven-dwarfs/
2019-10-16,The Shawshank Redemption,1994,https://letterboxd.com/film/the-shawshank-redemption/
2019-10-16,The Dark Knight,2008,https://letterboxd.com/film/the-dark-knight/
2019-10-16,12 Angry Men,1957,https://letterboxd.com/film/12-angry-men/
2019-10-16,Fight Club,1999,https://letterboxd.com/film/fight-club/
2019-10-16,Forrest Gump,1994,https://letterboxd.com/film/forrest-gump/
2019-10-16,Inception,2010,https://letterboxd.com/film/inception/
2019-10-16,The Matrix,1999,https://letterboxd.com/film/the-matrix/
2019-10-16,Se7en,1995,https://letterboxd.com/film/se7en/
2019-10-16,City of God,2002,https://letterboxd.com/film/city-of-god/
2019-10-16,Léon: The Professional,1994,https://letterboxd.com/film/leon-the-professional/
2019-10-16,American History X,1998,https://letterboxd.com/film/american-history-x/
2019-10-16,Back to the Future,1985,https://letterboxd.com/film/back-to-the-future/
2019-10-16,The Pianist,2002,https://letterboxd.com/film/the-pianist/
2019-10-16,The Departed,2006,https://letterboxd.com/film/the-departed/
2019-10-16,The Prestige,2006,https://letterboxd.com/film/the-prestige/
2019-10-16,Memento,2000,https://letterboxd.com/film/memento/
2019-10-16,Alien,1979,https://letterboxd.com/film/alien/
2019-10-16,WALL·E,2008,https://letterboxd.com/film/walle/
2019-10-16,Oldboy,2003,https://letterboxd.com/film/oldboy/
2019-10-16,Aliens,1986,https://letterboxd.com/film/aliens/
2019-10-16,Braveheart,1995,https://letterboxd.com/film/braveheart/
2019-10-16,Requiem for a Dream,2000,https://letterboxd.com/film/requiem-for-a-dream/
2019-10-16,Good Will Hunting,1997,https://letterboxd.com/film/good-will-hunting/
2019-10-16,Vertigo,1958,https://letterboxd.com/film/vertigo/
2019-10-16,Eternal Sunshine of the Spotless Mind,2004,https://letterboxd.com/film/eternal-sunshine-of-the-spotless-mind/
2019-10-16,Snatch,2000,https://letterboxd.com/film/snatch/
2019-10-16,A Clockwork Orange,1971,https://letterboxd.com/film/a-clockwork-orange/
2019-10-16,For a Few Dollars More,1965,https://letterboxd.com/film/for-a-few-dollars-more/
2019-10-16,Yojimbo,1961,https://letterboxd.com/film/yojimbo/
2019-10-16,Batman Begins,2005,https://letterboxd.com/film/batman-begins/
2019-10-16,Die Hard,1988,https://letterboxd.com/film/die-hard/
2019-10-16,Howl's Moving Castle,2004,https://letterboxd.com/film/howls-moving-castle/
2019-10-16,Pan's Labyrinth,2006,https://letterboxd.com/film/pans-labyrinth/
2019-10-16,"Lock, Stock and Two Smoking Barrels",1998,https://letterboxd.com/film/lock-stock-and-two-smoking-barrels/
2019-10-16,V for Vendetta,2005,https://letterboxd.com/film/v-for-vendetta/
2019-10-16,There Will Be Blood,2007,https://letterboxd.com/film/there-will-be-blood/
2019-10-16,Trainspotting,1996,https://letterboxd.com/film/trainspotting/
2019-10-16,No Country for Old Men,2007,https://letterboxd.com/film/no-country-for-old-men/
2019-10-16,Shutter Island,2010,https://letterboxd.com/film/shutter-island/
2019-10-16,The Sixth Sense,1999,https://letterboxd.com/film/the-sixth-sense/
2019-10-16,Gran Torino,2008,https://letterboxd.com/film/gran-torino/
2019-10-16,Jurassic Park,1993,https://letterboxd.com/film/jurassic-park/
2019-10-16,Gone Girl,2014,https://letterboxd.com/film/gone-girl/
2019-10-16,Prisoners,2013,https://letterboxd.com/film/prisoners/
2019-10-16,Stand by Me,1986,https://letterboxd.com/film/stand-by-me/
2019-10-16,Hachi: A Dog's Tale,2009,https://letterboxd.com/film/hachi-a-dogs-tale/
2019-10-16,Harry Potter and the Deathly Hallows: Part 2,2011,https://letterboxd.com/film/harry-potter-and-the-deathly-hallows-part-2/
2019-10-16,Dead Poets Society,1989,https://letterboxd.com/film/dead-poets-society/
2019-10-16,"Monsters, Inc.",2001,https://letterboxd.com/film/monsters-inc/
2019-10-16,Akira,1988,https://letterboxd.com/film/akira/
2019-10-16,Infernal Affairs,2002,https://letterboxd.com/film/infernal-affairs/
2019-10-16,Aladdin,1992,https://letterboxd.com/film/aladdin/
2019-10-16,Jackie Brown,1997,https://letterboxd.com/film/jackie-brown/
2019-10-17,Sneakers,1992,https://letterboxd.com/film/sneakers/
2019-10-17,The Avengers,2012,https://letterboxd.com/film/the-avengers-2012/
2019-10-17,Iron Man,2008,https://letterboxd.com/film/iron-man-2008/
2019-10-17,The Incredibles,2004,https://letterboxd.com/film/the-incredibles/
2019-10-17,Captain America: The First Avenger,2011,https://letterboxd.com/film/captain-america-the-first-avenger/
2019-10-17,Thor,2011,https://letterboxd.com/film/thor/
2019-10-17,Star Wars: Episode III - Revenge of the Sith,2005,https://letterboxd.com/film/star-wars-episode-iii-revenge-of-the-sith/
2019-10-17,Star Wars: Episode I - The Phantom Menace,1999,https://letterboxd.com/film/star-wars-episode-i-the-phantom-menace/
2019-10-17,Star Wars: Episode II - Attack of the Clones,2002,https://letterboxd.com/film/star-wars-episode-ii-attack-of-the-clones/
2019-10-17,Unbreakable,2000,https://letterboxd.com/film/unbreakable/
2019-10-17,True Romance,1993,https://letterboxd.com/film/true-romance/
2019-10-17,Die Hard: With a Vengeance,1995,https://letterboxd.com/film/die-hard-with-a-vengeance/
2019-10-17,The Other Guys,2010,https://letterboxd.com/film/the-other-guys/
2019-10-17,Coming to America,1988,https://letterboxd.com/film/coming-to-america/
2019-10-17,Sphere,1998,https://letterboxd.com/film/sphere/
2019-10-17,Lakeview Terrace,2008,https://letterboxd.com/film/lakeview-terrace/
2019-10-17,Basic,2003,https://letterboxd.com/film/basic/
2019-10-17,The Caveman's Valentine,2001,https://letterboxd.com/film/the-cavemans-valentine/
2019-10-17,Carrie,1976,https://letterboxd.com/film/carrie-1976/
2019-10-17,Face/Off,1997,https://letterboxd.com/film/face-off/
2019-10-17,Saturday Night Fever,1977,https://letterboxd.com/film/saturday-night-fever/
2019-10-17,The Punisher,2004,https://letterboxd.com/film/the-punisher-2004/
2019-10-17,Swordfish,2001,https://letterboxd.com/film/swordfish/
2019-10-17,Look Who's Talking,1989,https://letterboxd.com/film/look-whos-talking/
2019-10-17,Phenomenon,1996,https://letterboxd.com/film/phenomenon/
2019-10-17,Gattaca,1997,https://letterboxd.com/film/gattaca/
2019-10-17,Paycheck,2003,https://letterboxd.com/film/paycheck/
2019-10-17,Sin City,2005,https://letterboxd.com/film/sin-city/
2019-10-17,The Fifth Element,1997,https://letterboxd.com/film/the-fifth-element/
2019-10-17,Surrogates,2009,https://letterboxd.com/film/surrogates/
2019-10-17,16 Blocks,2006,https://letterboxd.com/film/16-blocks/
2019-10-17,Alpha Dog,2006,https://letterboxd.com/film/alpha-dog/
2019-10-17,Hudson Hawk,1991,https://letterboxd.com/film/hudson-hawk/
2019-10-17,Striking Distance,1993,https://letterboxd.com/film/striking-distance/
2019-10-17,Suicide Club,2001,https://letterboxd.com/film/suicide-club/
2019-10-18,Nocturnal Animals,2016,https://letterboxd.com/film/nocturnal-animals/
2019-10-19,The Forest of Love,2019,https://letterboxd.com/film/the-forest-of-love/
2019-10-19,Cirque du Freak: The Vampire's Assistant,2009,https://letterboxd.com/film/cirque-du-freak-the-vampires-assistant/
2019-10-19,Hellboy,2004,https://letterboxd.com/film/hellboy/
2019-10-19,Hellboy II: The Golden Army,2008,https://letterboxd.com/film/hellboy-ii-the-golden-army/
2019-10-19,Psychokinesis,2018,https://letterboxd.com/film/psychokinesis/
2019-10-19,Blankman,1994,https://letterboxd.com/film/blankman/
2019-10-19,The Meteor Man,1993,https://letterboxd.com/film/the-meteor-man/
2019-10-19,The Thirteenth Floor,1999,https://letterboxd.com/film/the-thirteenth-floor/
2019-10-19,Krull,1983,https://letterboxd.com/film/krull/
2019-10-20,Halloween,1978,https://letterboxd.com/film/halloween-1978/
2019-10-20,The Exorcist,1973,https://letterboxd.com/film/the-exorcist/
2019-10-20,The Head Hunter,2018,https://letterboxd.com/film/the-head-hunter-2018/
2019-10-20,ThanksKilling,2008,https://letterboxd.com/film/thankskilling/
2019-10-20,Stalker,1979,https://letterboxd.com/film/stalker/
2019-10-20,The Nightmare Before Christmas,1993,https://letterboxd.com/film/the-nightmare-before-christmas/
2019-10-20,Who Framed Roger Rabbit,1988,https://letterboxd.com/film/who-framed-roger-rabbit/
2019-10-20,Ghost in the Shell,1995,https://letterboxd.com/film/ghost-in-the-shell/
2019-10-21,The Passion of the Christ,2004,https://letterboxd.com/film/the-passion-of-the-christ/
2019-10-21,Song at Midnight,1937,https://letterboxd.com/film/song-at-midnight/
2019-10-21,3-Iron,2004,https://letterboxd.com/film/3-iron/
2019-10-21,"Spring, Summer, Fall, Winter... and Spring",2003,https://letterboxd.com/film/spring-summer-fall-winter-and-spring/
2019-10-21,Butchered,2009,https://letterboxd.com/film/butchered-2009/
2019-10-21,Grandmother,2009,https://letterboxd.com/film/grandmother/
2019-10-21,Slingshot,2007,https://letterboxd.com/film/slingshot-2007/
2019-10-21,Sympathy for Lady Vengeance,2005,https://letterboxd.com/film/sympathy-for-lady-vengeance/
2019-10-21,Sympathy for Mr. Vengeance,2002,https://letterboxd.com/film/sympathy-for-mr-vengeance/
2019-10-21,Thirst,2009,https://letterboxd.com/film/thirst-2009/
2019-10-21,Three… Extremes,2004,https://letterboxd.com/film/three-extremes/
2019-10-21,Natural City,2003,https://letterboxd.com/film/natural-city/
2019-10-21,Casshern,2004,https://letterboxd.com/film/casshern/
2019-10-22,Soylent Green,1973,https://letterboxd.com/film/soylent-green/
2019-10-22,Maleficent: Mistress of Evil,2019,https://letterboxd.com/film/maleficent-mistress-of-evil/
2019-10-22,Apocalypto,2006,https://letterboxd.com/film/apocalypto/
2019-10-22,Signs,2002,https://letterboxd.com/film/signs/
2019-10-22,Payback,1999,https://letterboxd.com/film/payback/
2019-10-22,Ransom,1996,https://letterboxd.com/film/ransom/
2019-10-22,In Bruges,2008,https://letterboxd.com/film/in-bruges/
2019-10-22,Phone Booth,2002,https://letterboxd.com/film/phone-booth/
2019-10-22,Fright Night,2011,https://letterboxd.com/film/fright-night-2011/
2019-10-22,S.W.A.T.,2003,https://letterboxd.com/film/swat/
2019-10-22,The Recruit,2003,https://letterboxd.com/film/the-recruit/
2019-10-23,Children of Men,2006,https://letterboxd.com/film/children-of-men/
2019-10-23,The Big Lebowski,1998,https://letterboxd.com/film/the-big-lebowski/
2019-10-23,True Grit,2010,https://letterboxd.com/film/true-grit-2010/
2019-10-23,"O Brother, Where Art Thou?",2000,https://letterboxd.com/film/o-brother-where-art-thou/
2019-10-23,The Hudsucker Proxy,1994,https://letterboxd.com/film/the-hudsucker-proxy/
2019-10-23,The City of Lost Children,1995,https://letterboxd.com/film/the-city-of-lost-children/
2019-10-23,Alien Resurrection,1997,https://letterboxd.com/film/alien-resurrection/
2019-10-23,Alien³,1992,https://letterboxd.com/film/alien-3/
2019-10-23,The Neon Demon,2016,https://letterboxd.com/film/the-neon-demon/
2019-10-24,Men in Black,1997,https://letterboxd.com/film/men-in-black/
2019-10-24,I Am Legend,2007,https://letterboxd.com/film/i-am-legend/
2019-10-24,Independence Day,1996,https://letterboxd.com/film/independence-day/
2019-10-24,Men in Black 3,2012,https://letterboxd.com/film/men-in-black-3/
2019-10-24,The Pursuit of Happyness,2006,https://letterboxd.com/film/the-pursuit-of-happyness/
2019-10-24,"I, Robot",2004,https://letterboxd.com/film/i-robot/
2019-10-24,Men in Black II,2002,https://letterboxd.com/film/men-in-black-ii/
2019-10-24,Hancock,2008,https://letterboxd.com/film/hancock/
2019-10-24,Bright,2017,https://letterboxd.com/film/bright/
2019-10-24,Hitch,2005,https://letterboxd.com/film/hitch-2005/
2019-10-24,Bad Boys,1995,https://letterboxd.com/film/bad-boys-1995/
2019-10-24,Bad Boys II,2003,https://letterboxd.com/film/bad-boys-ii/
2019-10-24,Nosferatu,1922,https://letterboxd.com/film/nosferatu/
2019-10-24,Falling Leaves,1912,https://letterboxd.com/film/falling-leaves-1912/
2019-10-24,Pandorum,2009,https://letterboxd.com/film/pandorum/
2019-10-24,A Sticky Woman,1906,https://letterboxd.com/film/a-sticky-woman/
2019-10-24,The Glue,1907,https://letterboxd.com/film/the-glue/
2019-10-24,The Cabbage-Patch Fairy,1896,https://letterboxd.com/film/the-cabbage-patch-fairy/
2019-10-24,Serpentine Dance by Mme. Bob Walter,1899,https://letterboxd.com/film/serpentine-dance-by-mme-bob-walter/
2019-10-25,The Woman,2011,https://letterboxd.com/film/the-woman/
2019-10-25,Some Like It Hot,1959,https://letterboxd.com/film/some-like-it-hot/
2019-10-25,Pretty Woman,1990,https://letterboxd.com/film/pretty-woman/
2019-10-25,Primal Fear,1996,https://letterboxd.com/film/primal-fear/
2019-10-25,The Mothman Prophecies,2002,https://letterboxd.com/film/the-mothman-prophecies/
2019-10-25,Red Corner,1997,https://letterboxd.com/film/red-corner/
2019-10-25,24 Frames Per Second,1977,https://letterboxd.com/film/24-frames-per-second/
2019-10-25,The Beaning,2017,https://letterboxd.com/film/the-beaning/
2019-10-25,Return to Oz,1985,https://letterboxd.com/film/return-to-oz/
2019-10-25,Clue,1985,https://letterboxd.com/film/clue/
2019-10-26,The Pleasure of Being Robbed,2008,https://letterboxd.com/film/the-pleasure-of-being-robbed/
2019-10-26,Claire's Camera,2017,https://letterboxd.com/film/claires-camera/
2019-10-26,Guardians of the Galaxy Vol. 2,2017,https://letterboxd.com/film/guardians-of-the-galaxy-vol-2/
2019-10-26,Thor: Ragnarok,2017,https://letterboxd.com/film/thor-ragnarok/
2019-10-26,Black Panther,2018,https://letterboxd.com/film/black-panther-2018/
2019-10-26,Iron Man 2,2010,https://letterboxd.com/film/iron-man-2/
2019-10-27,The Rocky Horror Picture Show,1975,https://letterboxd.com/film/the-rocky-horror-picture-show/
2019-10-27,Sweeney Todd: The Demon Barber of Fleet Street,2007,https://letterboxd.com/film/sweeney-todd-the-demon-barber-of-fleet-street-2007/
2019-10-27,The Craft,1996,https://letterboxd.com/film/the-craft/
2019-10-27,Wild Things,1998,https://letterboxd.com/film/wild-things/
2019-10-27,Tell Me Who I Am,2019,https://letterboxd.com/film/tell-me-who-i-am/
2019-10-27,American Gigolo,1980,https://letterboxd.com/film/american-gigolo/
2019-10-28,Night Nurse,1931,https://letterboxd.com/film/night-nurse/
2019-10-28,An Inconvenient Truth,2006,https://letterboxd.com/film/an-inconvenient-truth/
2019-10-30,The Purchase Price,1932,https://letterboxd.com/film/the-purchase-price/
2019-10-30,Ladies They Talk About,1933,https://letterboxd.com/film/ladies-they-talk-about/
2019-10-31,Baby Face,1933,https://letterboxd.com/film/baby-face/
2019-10-31,24 Hours in the Life of a Clown,1946,https://letterboxd.com/film/24-hours-in-the-life-of-a-clown/
2019-11-01,Illicit,1931,https://letterboxd.com/film/illicit/
2019-11-03,The Lighthouse,2019,https://letterboxd.com/film/the-lighthouse-2019/
2019-11-11,Doctor Sleep,2019,https://letterboxd.com/film/doctor-sleep/
2019-11-11,The Farewell,2019,https://letterboxd.com/film/the-farewell-2019/
2019-11-11,Rebel Without a Cause,1955,https://letterboxd.com/film/rebel-without-a-cause/
2019-11-15,Charlie's Angels,2019,https://letterboxd.com/film/charlies-angels-2019/
2019-11-17,Terminator: Dark Fate,2019,https://letterboxd.com/film/terminator-dark-fate/
2019-11-17,Krampus,2015,https://letterboxd.com/film/krampus/
2019-11-18,Even Dwarfs Started Small,1970,https://letterboxd.com/film/even-dwarfs-started-small/
2019-11-18,"Aguirre, the Wrath of God",1972,https://letterboxd.com/film/aguirre-the-wrath-of-god/
2019-11-18,Heart of Glass,1976,https://letterboxd.com/film/heart-of-glass/
2019-11-18,Carnival of Souls,1962,https://letterboxd.com/film/carnival-of-souls/
2019-11-19,Princess Mononoke,1997,https://letterboxd.com/film/princess-mononoke/
2019-11-20,The Devils,1971,https://letterboxd.com/film/the-devils/
2019-11-20,Man in the Well,2016,https://letterboxd.com/film/man-in-the-well/
2019-11-20,"The Cook, the Thief, His Wife & Her Lover",1989,https://letterboxd.com/film/the-cook-the-thief-his-wife-her-lover/
2019-11-20,Intervals,1969,https://letterboxd.com/film/intervals/
2019-11-20,Windows,1975,https://letterboxd.com/film/windows-1975/
2019-11-20,H Is for House,1973,https://letterboxd.com/film/h-is-for-house/
2019-11-21,Next Floor,2008,https://letterboxd.com/film/next-floor/
2019-11-21,The Conversation,1974,https://letterboxd.com/film/the-conversation/
2019-11-21,Death of the Sound Man,2017,https://letterboxd.com/film/death-of-the-sound-man/
2019-11-22,Dead Leaves,2004,https://letterboxd.com/film/dead-leaves/
2019-11-22,The Body Snatcher,1945,https://letterboxd.com/film/the-body-snatcher/
2019-11-23,Five Easy Pieces,1970,https://letterboxd.com/film/five-easy-pieces/
2019-11-24,Blood Feast,1963,https://letterboxd.com/film/blood-feast/
2019-11-24,The King of Marvin Gardens,1972,https://letterboxd.com/film/the-king-of-marvin-gardens/
2019-11-24,Uncle Boonmee Who Can Recall His Past Lives,2010,https://letterboxd.com/film/uncle-boonmee-who-can-recall-his-past-lives/
2019-11-24,The Piano,1993,https://letterboxd.com/film/the-piano/
2019-11-25,"I, Daniel Blake",2016,https://letterboxd.com/film/i-daniel-blake/
2019-11-25,Winter Sleep,2014,https://letterboxd.com/film/winter-sleep/
2019-11-26,The Red Shoes,1948,https://letterboxd.com/film/the-red-shoes/
2019-11-27,The Adventures of Prince Achmed,1926,https://letterboxd.com/film/the-adventures-of-prince-achmed/
2019-11-27,The Last Detail,1973,https://letterboxd.com/film/the-last-detail/
2019-11-28,Knives Out,2019,https://letterboxd.com/film/knives-out-2019/
2019-11-28,Rashomon,1950,https://letterboxd.com/film/rashomon/
